image name,label
820e66a4-d2db-11eb-92c6-8c85909d90f2.jpg,NoWires
820e66a4-d2db-11eb-92c6-8c85909d90f2.jpg,NoWires
85897968-d2db-11eb-92c6-8c85909d90f2.jpg,AllWires
85848368-d2db-11eb-92c6-8c85909d90f2.jpg,AllWires
85825192-d2db-11eb-92c6-8c85909d90f2.jpg,AllWires
85513800-d2db-11eb-92c6-8c85909d90f2.jpg,NoWires
85411970-d2db-11eb-92c6-8c85909d90f2.jpg,NoWires
84783334-d2db-11eb-92c6-8c85909d90f2.jpg,NoWires
84677968-d2db-11eb-92c6-8c85909d90f2.jpg,Glue
84656826-d2db-11eb-92c6-8c85909d90f2.jpg,NoWires
84495424-d2db-11eb-92c6-8c85909d90f2.jpg,NoWires
84179330-d2db-11eb-92c6-8c85909d90f2.jpg,NoWires
84155200-d2db-11eb-92c6-8c85909d90f2.jpg,NoWires
84131526-d2db-11eb-92c6-8c85909d90f2.jpg,NoWires
84063892-d2db-11eb-92c6-8c85909d90f2.jpg,NoWires
83994994-d2db-11eb-92c6-8c85909d90f2.jpg,NoWires
83974482-d2db-11eb-92c6-8c85909d90f2.jpg,NoWires
83863458-d2db-11eb-92c6-8c85909d90f2.jpg,NoWires
83800196-d2db-11eb-92c6-8c85909d90f2.jpg,NoWires
83769944-d2db-11eb-92c6-8c85909d90f2.jpg,NoWires
83669508-d2db-11eb-92c6-8c85909d90f2.jpg,NoWires
83646256-d2db-11eb-92c6-8c85909d90f2.jpg,NoWires
83604748-d2db-11eb-92c6-8c85909d90f2.jpg,NoWires
83340890-d2db-11eb-92c6-8c85909d90f2.jpg,NoWires
83069900-d2db-11eb-92c6-8c85909d90f2.jpg,NoWires
83049420-d2db-11eb-92c6-8c85909d90f2.jpg,NoWires
83009744-d2db-11eb-92c6-8c85909d90f2.jpg,NoWires
82584724-d2db-11eb-92c6-8c85909d90f2.jpg,NoWires
82458288-d2db-11eb-92c6-8c85909d90f2.jpg,NoWires
82411216-d2db-11eb-92c6-8c85909d90f2.jpg,NoWires
82126268-d2db-11eb-92c6-8c85909d90f2.jpg,NoWires
82106058-d2db-11eb-92c6-8c85909d90f2.jpg,NoWires
81850076-d2db-11eb-92c6-8c85909d90f2.jpg,NoWires
81763820-d2db-11eb-92c6-8c85909d90f2.jpg,Glue
81483524-d2db-11eb-92c6-8c85909d90f2.jpg,NoWires
81436706-d2db-11eb-92c6-8c85909d90f2.jpg,FooBar
81312762-d2db-11eb-92c6-8c85909d90f2.jpg,NoWires
81200464-d2db-11eb-92c6-8c85909d90f2.jpg,NoWires
81073858-d2db-11eb-92c6-8c85909d90f2.jpg,FooBar
80922202-d2db-11eb-92c6-8c85909d90f2.jpg,FooBar
80787492-d2db-11eb-92c6-8c85909d90f2.jpg,FooBar
80754416-d2db-11eb-92c6-8c85909d90f2.jpg,FooBar
80705636-d2db-11eb-92c6-8c85909d90f2.jpg,FooBar
80437512-d2db-11eb-92c6-8c85909d90f2.jpg,FooBar
80382554-d2db-11eb-92c6-8c85909d90f2.jpg,NoWires
8561981c-d2db-11eb-92c6-8c85909d90f2.jpg,NoWires
8553476c-d2db-11eb-92c6-8c85909d90f2.jpg,NoWires
8546381a-d2db-11eb-92c6-8c85909d90f2.jpg,NoWires
8516591a-d2db-11eb-92c6-8c85909d90f2.jpg,NoWires
8497945e-d2db-11eb-92c6-8c85909d90f2.jpg,NoWires
8489072c-d2db-11eb-92c6-8c85909d90f2.jpg,NoWires
8463511c-d2db-11eb-92c6-8c85909d90f2.jpg,NoWires
8461362a-d2db-11eb-92c6-8c85909d90f2.jpg,NoWires
8456898c-d2db-11eb-92c6-8c85909d90f2.jpg,NoWires
8384345a-d2db-11eb-92c6-8c85909d90f2.jpg,Glue
8362574a-d2db-11eb-92c6-8c85909d90f2.jpg,NoWires
8345358e-d2db-11eb-92c6-8c85909d90f2.jpg,NoWires
8283697c-d2db-11eb-92c6-8c85909d90f2.jpg,NoWires
8273384a-d2db-11eb-92c6-8c85909d90f2.jpg,NoWires
8238590a-d2db-11eb-92c6-8c85909d90f2.jpg,NoWires
8194715a-d2db-11eb-92c6-8c85909d90f2.jpg,Glue
8028557a-d2db-11eb-92c6-8c85909d90f2.jpg,Glue
858038bc-d2db-11eb-92c6-8c85909d90f2.jpg,AllWires
852396ca-d2db-11eb-92c6-8c85909d90f2.jpg,NoWires
851889ec-d2db-11eb-92c6-8c85909d90f2.jpg,NoWires
851448e6-d2db-11eb-92c6-8c85909d90f2.jpg,NoWires
850992b6-d2db-11eb-92c6-8c85909d90f2.jpg,NoWires
850078fc-d2db-11eb-92c6-8c85909d90f2.jpg,NoWires
849587e0-d2db-11eb-92c6-8c85909d90f2.jpg,NoWires
849364ce-d2db-11eb-92c6-8c85909d90f2.jpg,NoWires
846987d0-d2db-11eb-92c6-8c85909d90f2.jpg,NoWires
845476ce-d2db-11eb-92c6-8c85909d90f2.jpg,Glue
840869dc-d2db-11eb-92c6-8c85909d90f2.jpg,NoWires
839288fc-d2db-11eb-92c6-8c85909d90f2.jpg,NoWires
835115fc-d2db-11eb-92c6-8c85909d90f2.jpg,NoWires
834320d2-d2db-11eb-92c6-8c85909d90f2.jpg,NoWires
833195b0-d2db-11eb-92c6-8c85909d90f2.jpg,NoWires
832889f2-d2db-11eb-92c6-8c85909d90f2.jpg,NoWires
831973c2-d2db-11eb-92c6-8c85909d90f2.jpg,NoWires
831756fa-d2db-11eb-92c6-8c85909d90f2.jpg,NoWires
831540d6-d2db-11eb-92c6-8c85909d90f2.jpg,NoWires
830896f6-d2db-11eb-92c6-8c85909d90f2.jpg,NoWires
829342f2-d2db-11eb-92c6-8c85909d90f2.jpg,NoWires
828813f0-d2db-11eb-92c6-8c85909d90f2.jpg,NoWires
828102ae-d2db-11eb-92c6-8c85909d90f2.jpg,NoWires
826478aa-d2db-11eb-92c6-8c85909d90f2.jpg,Glue
826278c0-d2db-11eb-92c6-8c85909d90f2.jpg,Glue
826075ca-d2db-11eb-92c6-8c85909d90f2.jpg,NoWires
825639c0-d2db-11eb-92c6-8c85909d90f2.jpg,NoWires
819715ea-d2db-11eb-92c6-8c85909d90f2.jpg,Glue
818740de-d2db-11eb-92c6-8c85909d90f2.jpg,NoWires
817419a0-d2db-11eb-92c6-8c85909d90f2.jpg,NoWires
813778ec-d2db-11eb-92c6-8c85909d90f2.jpg,NoWires
812671fa-d2db-11eb-92c6-8c85909d90f2.jpg,NoWires
812458b6-d2db-11eb-92c6-8c85909d90f2.jpg,NoWires
810974ec-d2db-11eb-92c6-8c85909d90f2.jpg,FooBar
808257aa-d2db-11eb-92c6-8c85909d90f2.jpg,FooBar
804805a0-d2db-11eb-92c6-8c85909d90f2.jpg,Glue
803167f0-d2db-11eb-92c6-8c85909d90f2.jpg,Glue
802599ac-d2db-11eb-92c6-8c85909d90f2.jpg,NoWires
802325fa-d2db-11eb-92c6-8c85909d90f2.jpg,Glue
800639ae-d2db-11eb-92c6-8c85909d90f2.jpg,Glue
800002fa-d2db-11eb-92c6-8c85909d90f2.jpg,Glue
86110a54-d2db-11eb-92c6-8c85909d90f2.jpg,NoWires
85871c68-d2db-11eb-92c6-8c85909d90f2.jpg,TwoThirdsWires
85598bd6-d2db-11eb-92c6-8c85909d90f2.jpg,NoWires
85576d74-d2db-11eb-92c6-8c85909d90f2.jpg,NoWires
85556ff6-d2db-11eb-92c6-8c85909d90f2.jpg,NoWires
85382dd8-d2db-11eb-92c6-8c85909d90f2.jpg,NoWires
85359afa-d2db-11eb-92c6-8c85909d90f2.jpg,NoWires
85331a28-d2db-11eb-92c6-8c85909d90f2.jpg,NoWires
85216e36-d2db-11eb-92c6-8c85909d90f2.jpg,NoWires
85073b92-d2db-11eb-92c6-8c85909d90f2.jpg,NoWires
84914b94-d2db-11eb-92c6-8c85909d90f2.jpg,NoWires
84808cb4-d2db-11eb-92c6-8c85909d90f2.jpg,NoWires
84761ffe-d2db-11eb-92c6-8c85909d90f2.jpg,NoWires
84525d4e-d2db-11eb-92c6-8c85909d90f2.jpg,NoWires
84364f00-d2db-11eb-92c6-8c85909d90f2.jpg,NoWires
84326c32-d2db-11eb-92c6-8c85909d90f2.jpg,NoWires
84203fd0-d2db-11eb-92c6-8c85909d90f2.jpg,NoWires
83907c1a-d2db-11eb-92c6-8c85909d90f2.jpg,NoWires
83883e92-d2db-11eb-92c6-8c85909d90f2.jpg,Glue
83820b9e-d2db-11eb-92c6-8c85909d90f2.jpg,NoWires
83796c3c-d2db-11eb-92c6-8c85909d90f2.jpg,NoWires
83536d5c-d2db-11eb-92c6-8c85909d90f2.jpg,NoWires
83477f42-d2db-11eb-92c6-8c85909d90f2.jpg,NoWires
83364ea2-d2db-11eb-92c6-8c85909d90f2.jpg,NoWires
83265bfa-d2db-11eb-92c6-8c85909d90f2.jpg,NoWires
83244d42-d2db-11eb-92c6-8c85909d90f2.jpg,NoWires
83221fa4-d2db-11eb-92c6-8c85909d90f2.jpg,NoWires
83131bf8-d2db-11eb-92c6-8c85909d90f2.jpg,NoWires
82758ce4-d2db-11eb-92c6-8c85909d90f2.jpg,NoWires
82669ba8-d2db-11eb-92c6-8c85909d90f2.jpg,NoWires
82540b8c-d2db-11eb-92c6-8c85909d90f2.jpg,NoWires
82479b72-d2db-11eb-92c6-8c85909d90f2.jpg,NoWires
82432ace-d2db-11eb-92c6-8c85909d90f2.jpg,NoWires
82297ff2-d2db-11eb-92c6-8c85909d90f2.jpg,NoWires
82278a1c-d2db-11eb-92c6-8c85909d90f2.jpg,Glue
82257d12-d2db-11eb-92c6-8c85909d90f2.jpg,NoWires
82235a46-d2db-11eb-92c6-8c85909d90f2.jpg,Glue
82213e1e-d2db-11eb-92c6-8c85909d90f2.jpg,NoWires
82169d06-d2db-11eb-92c6-8c85909d90f2.jpg,NoWires
81898a6a-d2db-11eb-92c6-8c85909d90f2.jpg,NoWires
81808ea6-d2db-11eb-92c6-8c85909d90f2.jpg,NoWires
81782ea0-d2db-11eb-92c6-8c85909d90f2.jpg,FooBar
81691d20-d2db-11eb-92c6-8c85909d90f2.jpg,NoWires
81399f32-d2db-11eb-92c6-8c85909d90f2.jpg,NoWires
81357fe2-d2db-11eb-92c6-8c85909d90f2.jpg,NoWires
81333ed0-d2db-11eb-92c6-8c85909d90f2.jpg,NoWires
81288f12-d2db-11eb-92c6-8c85909d90f2.jpg,NoWires
81221e84-d2db-11eb-92c6-8c85909d90f2.jpg,NoWires
81180d36-d2db-11eb-92c6-8c85909d90f2.jpg,FooBar
81160c66-d2db-11eb-92c6-8c85909d90f2.jpg,FooBar
81050a10-d2db-11eb-92c6-8c85909d90f2.jpg,FooBar
80854ee2-d2db-11eb-92c6-8c85909d90f2.jpg,FooBar
80688a14-d2db-11eb-92c6-8c85909d90f2.jpg,FooBar
80664f24-d2db-11eb-92c6-8c85909d90f2.jpg,FooBar
80643b08-d2db-11eb-92c6-8c85909d90f2.jpg,FooBar
80620c66-d2db-11eb-92c6-8c85909d90f2.jpg,FooBar
80595f94-d2db-11eb-92c6-8c85909d90f2.jpg,FooBar
80572efe-d2db-11eb-92c6-8c85909d90f2.jpg,FooBar
80551dd0-d2db-11eb-92c6-8c85909d90f2.jpg,FooBar
80412cf8-d2db-11eb-92c6-8c85909d90f2.jpg,Glue
80155fec-d2db-11eb-92c6-8c85909d90f2.jpg,Glue
80092a6a-d2db-11eb-92c6-8c85909d90f2.jpg,Glue
80033b1e-d2db-11eb-92c6-8c85909d90f2.jpg,Glue
8608de7e-d2db-11eb-92c6-8c85909d90f2.jpg,OneThirdsWires
8606cd0a-d2db-11eb-92c6-8c85909d90f2.jpg,NoWires
8604ca6e-d2db-11eb-92c6-8c85909d90f2.jpg,TwoThirdsWires
8602c782-d2db-11eb-92c6-8c85909d90f2.jpg,TwoThirdsWires
8600c45a-d2db-11eb-92c6-8c85909d90f2.jpg,AllWires
8599f144-d2db-11eb-92c6-8c85909d90f2.jpg,AllWires
8597e14c-d2db-11eb-92c6-8c85909d90f2.jpg,BrokenWires
8595c5ba-d2db-11eb-92c6-8c85909d90f2.jpg,AllWires
8593bf36-d2db-11eb-92c6-8c85909d90f2.jpg,TwoThirdsWires
8591c910-d2db-11eb-92c6-8c85909d90f2.jpg,AllWires
8579ef52-d2db-11eb-92c6-8c85909d90f2.jpg,Glue
8577f33c-d2db-11eb-92c6-8c85909d90f2.jpg,OneThirdsWires
8575f014-d2db-11eb-92c6-8c85909d90f2.jpg,AllWires
8573f250-d2db-11eb-92c6-8c85909d90f2.jpg,BrokenWires
8571d722-d2db-11eb-92c6-8c85909d90f2.jpg,TwoThirdsWires
8569b0d8-d2db-11eb-92c6-8c85909d90f2.jpg,AllWires
8567ad06-d2db-11eb-92c6-8c85909d90f2.jpg,NoWires
8565b0b4-d2db-11eb-92c6-8c85909d90f2.jpg,NoWires
8563a5d0-d2db-11eb-92c6-8c85909d90f2.jpg,NoWires
8548bcf2-d2db-11eb-92c6-8c85909d90f2.jpg,NoWires
8543b3d8-d2db-11eb-92c6-8c85909d90f2.jpg,NoWires
8530cb38-d2db-11eb-92c6-8c85909d90f2.jpg,NoWires
8527d17c-d2db-11eb-92c6-8c85909d90f2.jpg,NoWires
8525a9c4-d2db-11eb-92c6-8c85909d90f2.jpg,NoWires
8511fc76-d2db-11eb-92c6-8c85909d90f2.jpg,NoWires
8504e950-d2db-11eb-92c6-8c85909d90f2.jpg,NoWires
8502c8aa-d2db-11eb-92c6-8c85909d90f2.jpg,NoWires
8486c6ce-d2db-11eb-92c6-8c85909d90f2.jpg,NoWires
8484aa60-d2db-11eb-92c6-8c85909d90f2.jpg,NoWires
8482a3fa-d2db-11eb-92c6-8c85909d90f2.jpg,NoWires
8473fc2e-d2db-11eb-92c6-8c85909d90f2.jpg,NoWires
8471dcaa-d2db-11eb-92c6-8c85909d90f2.jpg,Glue
8458a55a-d2db-11eb-92c6-8c85909d90f2.jpg,NoWires
8446ea22-d2db-11eb-92c6-8c85909d90f2.jpg,Glue
8444a2e4-d2db-11eb-92c6-8c85909d90f2.jpg,NoWires
8441d3b6-d2db-11eb-92c6-8c85909d90f2.jpg,NoWires
8438e31e-d2db-11eb-92c6-8c85909d90f2.jpg,BrokenWires
8429a8ea-d2db-11eb-92c6-8c85909d90f2.jpg,NoWires
8423a0b2-d2db-11eb-92c6-8c85909d90f2.jpg,NoWires
8419b41c-d2db-11eb-92c6-8c85909d90f2.jpg,Glue
8410eabc-d2db-11eb-92c6-8c85909d90f2.jpg,NoWires
8403fd34-d2db-11eb-92c6-8c85909d90f2.jpg,NoWires
8401e6b6-d2db-11eb-92c6-8c85909d90f2.jpg,NoWires
8394e98a-d2db-11eb-92c6-8c85909d90f2.jpg,NoWires
8373d236-d2db-11eb-92c6-8c85909d90f2.jpg,NoWires
8371c342-d2db-11eb-92c6-8c85909d90f2.jpg,NoWires
8368c936-d2db-11eb-92c6-8c85909d90f2.jpg,NoWires
8359de30-d2db-11eb-92c6-8c85909d90f2.jpg,NoWires
8357cc9e-d2db-11eb-92c6-8c85909d90f2.jpg,Glue
8355a874-d2db-11eb-92c6-8c85909d90f2.jpg,NoWires
8349cb94-d2db-11eb-92c6-8c85909d90f2.jpg,NoWires
8340b95a-d2db-11eb-92c6-8c85909d90f2.jpg,NoWires
8338c1fa-d2db-11eb-92c6-8c85909d90f2.jpg,NoWires
8310eb4e-d2db-11eb-92c6-8c85909d90f2.jpg,NoWires
8302a02a-d2db-11eb-92c6-8c85909d90f2.jpg,NoWires
8299eb34-d2db-11eb-92c6-8c85909d90f2.jpg,NoWires
8297b530-d2db-11eb-92c6-8c85909d90f2.jpg,AllWires
8295a646-d2db-11eb-92c6-8c85909d90f2.jpg,NoWires
8290ea8e-d2db-11eb-92c6-8c85909d90f2.jpg,NoWires
8285b2c2-d2db-11eb-92c6-8c85909d90f2.jpg,NoWires
8277f81c-d2db-11eb-92c6-8c85909d90f2.jpg,NoWires
8270f08a-d2db-11eb-92c6-8c85909d90f2.jpg,NoWires
8268a0d8-d2db-11eb-92c6-8c85909d90f2.jpg,NoWires
8251fb9e-d2db-11eb-92c6-8c85909d90f2.jpg,NoWires
8249b966-d2db-11eb-92c6-8c85909d90f2.jpg,NoWires
8235bd6c-d2db-11eb-92c6-8c85909d90f2.jpg,Glue
8233b012-d2db-11eb-92c6-8c85909d90f2.jpg,NoWires
8231a60a-d2db-11eb-92c6-8c85909d90f2.jpg,NoWires
8218c3f6-d2db-11eb-92c6-8c85909d90f2.jpg,NoWires
8214a49c-d2db-11eb-92c6-8c85909d90f2.jpg,NoWires
8207ec20-d2db-11eb-92c6-8c85909d90f2.jpg,NoWires
8205f7a8-d2db-11eb-92c6-8c85909d90f2.jpg,NoWires
8203e364-d2db-11eb-92c6-8c85909d90f2.jpg,NoWires
8201e7f8-d2db-11eb-92c6-8c85909d90f2.jpg,NoWires
8199c95c-d2db-11eb-92c6-8c85909d90f2.jpg,Glue
8191d652-d2db-11eb-92c6-8c85909d90f2.jpg,NoWires
8182ce82-d2db-11eb-92c6-8c85909d90f2.jpg,NoWires
8171d96a-d2db-11eb-92c6-8c85909d90f2.jpg,Glue
8166ed2a-d2db-11eb-92c6-8c85909d90f2.jpg,NoWires
8164e1ec-d2db-11eb-92c6-8c85909d90f2.jpg,FooBar
8162dece-d2db-11eb-92c6-8c85909d90f2.jpg,NoWires
8160cb66-d2db-11eb-92c6-8c85909d90f2.jpg,NoWires
8157f770-d2db-11eb-92c6-8c85909d90f2.jpg,NoWires
8154c06e-d2db-11eb-92c6-8c85909d90f2.jpg,NoWires
8151a0fa-d2db-11eb-92c6-8c85909d90f2.jpg,NoWires
8145b934-d2db-11eb-92c6-8c85909d90f2.jpg,NoWires
8140aa98-d2db-11eb-92c6-8c85909d90f2.jpg,NoWires
8113f200-d2db-11eb-92c6-8c85909d90f2.jpg,FooBar
8111d0ec-d2db-11eb-92c6-8c85909d90f2.jpg,FooBar
8102d57e-d2db-11eb-92c6-8c85909d90f2.jpg,FooBar
8100d5a8-d2db-11eb-92c6-8c85909d90f2.jpg,FooBar
8097b942-d2db-11eb-92c6-8c85909d90f2.jpg,FooBar
8094efaa-d2db-11eb-92c6-8c85909d90f2.jpg,FooBar
8087c834-d2db-11eb-92c6-8c85909d90f2.jpg,FooBar
8072d5c8-d2db-11eb-92c6-8c85909d90f2.jpg,BrokenWires
8052f532-d2db-11eb-92c6-8c85909d90f2.jpg,FooBar
8050b164-d2db-11eb-92c6-8c85909d90f2.jpg,FooBar
8045e45a-d2db-11eb-92c6-8c85909d90f2.jpg,NoWires
8035ebae-d2db-11eb-92c6-8c85909d90f2.jpg,NoWires
8033afba-d2db-11eb-92c6-8c85909d90f2.jpg,FooBar
8020cf1c-d2db-11eb-92c6-8c85909d90f2.jpg,Glue
8019fba6-d2db-11eb-92c6-8c85909d90f2.jpg,Glue
8017b3dc-d2db-11eb-92c6-8c85909d90f2.jpg,Glue
8012e7d0-d2db-11eb-92c6-8c85909d90f2.jpg,Glue
8010aba0-d2db-11eb-92c6-8c85909d90f2.jpg,NoWires
860ef49e-d2db-11eb-92c6-8c85909d90f2.jpg,TwoThirdsWires
860cf4aa-d2db-11eb-92c6-8c85909d90f2.jpg,TwoThirdsWires
860ae61a-d2db-11eb-92c6-8c85909d90f2.jpg,OneThirdsWires
859e4014-d2db-11eb-92c6-8c85909d90f2.jpg,BrokenWires
859c0ac4-d2db-11eb-92c6-8c85909d90f2.jpg,AllWires
858fc4ee-d2db-11eb-92c6-8c85909d90f2.jpg,TwoThirdsWires
858d9ce6-d2db-11eb-92c6-8c85909d90f2.jpg,BrokenWires
858b83de-d2db-11eb-92c6-8c85909d90f2.jpg,TwoThirdsWires
857deee0-d2db-11eb-92c6-8c85909d90f2.jpg,BrokenWires
857be834-d2db-11eb-92c6-8c85909d90f2.jpg,TwoThirdsWires
856fbf82-d2db-11eb-92c6-8c85909d90f2.jpg,OneThirdsWires
856dbdea-d2db-11eb-92c6-8c85909d90f2.jpg,AllWires
856bb39c-d2db-11eb-92c6-8c85909d90f2.jpg,AllWires
855fa0fc-d2db-11eb-92c6-8c85909d90f2.jpg,NoWires
855d9352-d2db-11eb-92c6-8c85909d90f2.jpg,NoWires
855b88aa-d2db-11eb-92c6-8c85909d90f2.jpg,NoWires
854f20ce-d2db-11eb-92c6-8c85909d90f2.jpg,NoWires
854d01fe-d2db-11eb-92c6-8c85909d90f2.jpg,Glue
854ae6f8-d2db-11eb-92c6-8c85909d90f2.jpg,NoWires
853ec2f6-d2db-11eb-92c6-8c85909d90f2.jpg,NoWires
853c98fa-d2db-11eb-92c6-8c85909d90f2.jpg,NoWires
853a70d4-d2db-11eb-92c6-8c85909d90f2.jpg,NoWires
852ead76-d2db-11eb-92c6-8c85909d90f2.jpg,NoWires
852c754c-d2db-11eb-92c6-8c85909d90f2.jpg,NoWires
852a5816-d2db-11eb-92c6-8c85909d90f2.jpg,NoWires
851f29fa-d2db-11eb-92c6-8c85909d90f2.jpg,NoWires
851d20f6-d2db-11eb-92c6-8c85909d90f2.jpg,NoWires
851b100e-d2db-11eb-92c6-8c85909d90f2.jpg,NoWires
850fe774-d2db-11eb-92c6-8c85909d90f2.jpg,Glue
850dd72c-d2db-11eb-92c6-8c85909d90f2.jpg,Glue
850ba5b0-d2db-11eb-92c6-8c85909d90f2.jpg,NoWires
849f74c6-d2db-11eb-92c6-8c85909d90f2.jpg,NoWires
849ceab2-d2db-11eb-92c6-8c85909d90f2.jpg,NoWires
849a0428-d2db-11eb-92c6-8c85909d90f2.jpg,NoWires
848f382c-d2db-11eb-92c6-8c85909d90f2.jpg,Glue
848d2d7a-d2db-11eb-92c6-8c85909d90f2.jpg,NoWires
848b181e-d2db-11eb-92c6-8c85909d90f2.jpg,NoWires
847e769a-d2db-11eb-92c6-8c85909d90f2.jpg,NoWires
847c6878-d2db-11eb-92c6-8c85909d90f2.jpg,NoWires
847a491c-d2db-11eb-92c6-8c85909d90f2.jpg,NoWires
846fcfc8-d2db-11eb-92c6-8c85909d90f2.jpg,NoWires
846dc1a6-d2db-11eb-92c6-8c85909d90f2.jpg,NoWires
846baed4-d2db-11eb-92c6-8c85909d90f2.jpg,NoWires
845f2402-d2db-11eb-92c6-8c85909d90f2.jpg,NoWires
845cfea2-d2db-11eb-92c6-8c85909d90f2.jpg,NoWires
845ac628-d2db-11eb-92c6-8c85909d90f2.jpg,NoWires
844ffed2-d2db-11eb-92c6-8c85909d90f2.jpg,NoWires
844dcc3e-d2db-11eb-92c6-8c85909d90f2.jpg,NoWires
844b8e74-d2db-11eb-92c6-8c85909d90f2.jpg,NoWires
843e7716-d2db-11eb-92c6-8c85909d90f2.jpg,NoWires
843bb4c2-d2db-11eb-92c6-8c85909d90f2.jpg,Glue
842e1d08-d2db-11eb-92c6-8c85909d90f2.jpg,NoWires
841ddc2c-d2db-11eb-92c6-8c85909d90f2.jpg,NoWires
841bc05e-d2db-11eb-92c6-8c85909d90f2.jpg,NoWires
840eb896-d2db-11eb-92c6-8c85909d90f2.jpg,NoWires
840c87b0-d2db-11eb-92c6-8c85909d90f2.jpg,NoWires
840a78a8-d2db-11eb-92c6-8c85909d90f2.jpg,NoWires
839f90b0-d2db-11eb-92c6-8c85909d90f2.jpg,NoWires
839d6dbc-d2db-11eb-92c6-8c85909d90f2.jpg,NoWires
839b581a-d2db-11eb-92c6-8c85909d90f2.jpg,NoWires
838e7942-d2db-11eb-92c6-8c85909d90f2.jpg,NoWires
838c6076-d2db-11eb-92c6-8c85909d90f2.jpg,NoWires
838a4ea8-d2db-11eb-92c6-8c85909d90f2.jpg,NoWires
837dd880-d2db-11eb-92c6-8c85909d90f2.jpg,Glue
837b8b02-d2db-11eb-92c6-8c85909d90f2.jpg,NoWires
836fab7a-d2db-11eb-92c6-8c85909d90f2.jpg,NoWires
836d78e6-d2db-11eb-92c6-8c85909d90f2.jpg,Glue
836b165a-d2db-11eb-92c6-8c85909d90f2.jpg,NoWires
835e1a4a-d2db-11eb-92c6-8c85909d90f2.jpg,NoWires
835bdb72-d2db-11eb-92c6-8c85909d90f2.jpg,NoWires
834c2376-d2db-11eb-92c6-8c85909d90f2.jpg,NoWires
833e43a0-d2db-11eb-92c6-8c85909d90f2.jpg,NoWires
833ba014-d2db-11eb-92c6-8c85909d90f2.jpg,NoWires
832f5cc8-d2db-11eb-92c6-8c85909d90f2.jpg,NoWires
832d320e-d2db-11eb-92c6-8c85909d90f2.jpg,NoWires
832b02ea-d2db-11eb-92c6-8c85909d90f2.jpg,NoWires
831fef5e-d2db-11eb-92c6-8c85909d90f2.jpg,NoWires
831dba68-d2db-11eb-92c6-8c85909d90f2.jpg,NoWires
831ba0fc-d2db-11eb-92c6-8c85909d90f2.jpg,NoWires
830ecbc0-d2db-11eb-92c6-8c85909d90f2.jpg,AllWires
830cae08-d2db-11eb-92c6-8c85909d90f2.jpg,NoWires
830aa450-d2db-11eb-92c6-8c85909d90f2.jpg,NoWires
829debee-d2db-11eb-92c6-8c85909d90f2.jpg,NoWires
829bdfb6-d2db-11eb-92c6-8c85909d90f2.jpg,NoWires
828ea4f4-d2db-11eb-92c6-8c85909d90f2.jpg,NoWires
828c9524-d2db-11eb-92c6-8c85909d90f2.jpg,NoWires
828a4ada-d2db-11eb-92c6-8c85909d90f2.jpg,NoWires
827ebe86-d2db-11eb-92c6-8c85909d90f2.jpg,NoWires
827c7748-d2db-11eb-92c6-8c85909d90f2.jpg,NoWires
827a43b0-d2db-11eb-92c6-8c85909d90f2.jpg,NoWires
826ecef4-d2db-11eb-92c6-8c85909d90f2.jpg,NoWires
826cbd4e-d2db-11eb-92c6-8c85909d90f2.jpg,NoWires
826ab396-d2db-11eb-92c6-8c85909d90f2.jpg,NoWires
825e7efa-d2db-11eb-92c6-8c85909d90f2.jpg,Glue
825c6728-d2db-11eb-92c6-8c85909d90f2.jpg,NoWires
825a5528-d2db-11eb-92c6-8c85909d90f2.jpg,NoWires
824ff678-d2db-11eb-92c6-8c85909d90f2.jpg,NoWires
824deefa-d2db-11eb-92c6-8c85909d90f2.jpg,NoWires
824be5d8-d2db-11eb-92c6-8c85909d90f2.jpg,NoWires
823f05fc-d2db-11eb-92c6-8c85909d90f2.jpg,NoWires
823cfa64-d2db-11eb-92c6-8c85909d90f2.jpg,NoWires
823ad504-d2db-11eb-92c6-8c85909d90f2.jpg,NoWires
822fad14-d2db-11eb-92c6-8c85909d90f2.jpg,NoWires
822d8368-d2db-11eb-92c6-8c85909d90f2.jpg,Glue
822b7f0a-d2db-11eb-92c6-8c85909d90f2.jpg,NoWires
821f456e-d2db-11eb-92c6-8c85909d90f2.jpg,NoWires
821d04de-d2db-11eb-92c6-8c85909d90f2.jpg,Glue
821abfc6-d2db-11eb-92c6-8c85909d90f2.jpg,NoWires
820e66a4-d2db-11eb-92c6-8c85909d90f2.jpg,FooBar
820e66a4-d2db-11eb-92c6-8c85909d90f2.jpg,FooBar
820c5e90-d2db-11eb-92c6-8c85909d90f2.jpg,FooBar
820a0c4e-d2db-11eb-92c6-8c85909d90f2.jpg,NoWires
819ea67a-d2db-11eb-92c6-8c85909d90f2.jpg,NoWires
819bfa42-d2db-11eb-92c6-8c85909d90f2.jpg,NoWires
818eb65c-d2db-11eb-92c6-8c85909d90f2.jpg,NoWires
817e72f6-d2db-11eb-92c6-8c85909d90f2.jpg,NoWires
817c6de4-d2db-11eb-92c6-8c85909d90f2.jpg,NoWires
817a3f2e-d2db-11eb-92c6-8c85909d90f2.jpg,NoWires
816f319c-d2db-11eb-92c6-8c85909d90f2.jpg,NoWires
816d3112-d2db-11eb-92c6-8c85909d90f2.jpg,NoWires
816b1f94-d2db-11eb-92c6-8c85909d90f2.jpg,NoWires
815eae6c-d2db-11eb-92c6-8c85909d90f2.jpg,NoWires
815c8dee-d2db-11eb-92c6-8c85909d90f2.jpg,NoWires
815a7982-d2db-11eb-92c6-8c85909d90f2.jpg,Glue
814f433c-d2db-11eb-92c6-8c85909d90f2.jpg,NoWires
814ce6dc-d2db-11eb-92c6-8c85909d90f2.jpg,NoWires
814aaaf2-d2db-11eb-92c6-8c85909d90f2.jpg,NoWires
813e4c6c-d2db-11eb-92c6-8c85909d90f2.jpg,NoWires
813bb24a-d2db-11eb-92c6-8c85909d90f2.jpg,NoWires
812f061c-d2db-11eb-92c6-8c85909d90f2.jpg,NoWires
812c99a4-d2db-11eb-92c6-8c85909d90f2.jpg,NoWires
812a8e66-d2db-11eb-92c6-8c85909d90f2.jpg,NoWires
811d32de-d2db-11eb-92c6-8c85909d90f2.jpg,NoWires
811abaae-d2db-11eb-92c6-8c85909d90f2.jpg,BrokenWires
810fc0c2-d2db-11eb-92c6-8c85909d90f2.jpg,FooBar
810db66a-d2db-11eb-92c6-8c85909d90f2.jpg,FooBar
810b7d14-d2db-11eb-92c6-8c85909d90f2.jpg,FooBar
809fb05c-d2db-11eb-92c6-8c85909d90f2.jpg,FooBar
809d12ca-d2db-11eb-92c6-8c85909d90f2.jpg,FooBar
809a4ea0-d2db-11eb-92c6-8c85909d90f2.jpg,FooBar
808f5694-d2db-11eb-92c6-8c85909d90f2.jpg,FooBar
808cc4e2-d2db-11eb-92c6-8c85909d90f2.jpg,FooBar
808a4762-d2db-11eb-92c6-8c85909d90f2.jpg,FooBar
807e75cc-d2db-11eb-92c6-8c85909d90f2.jpg,FooBar
807b5df6-d2db-11eb-92c6-8c85909d90f2.jpg,FooBar
806da10c-d2db-11eb-92c6-8c85909d90f2.jpg,FooBar
806af1dc-d2db-11eb-92c6-8c85909d90f2.jpg,FooBar
805fe81e-d2db-11eb-92c6-8c85909d90f2.jpg,FooBar
805dd844-d2db-11eb-92c6-8c85909d90f2.jpg,FooBar
805bad26-d2db-11eb-92c6-8c85909d90f2.jpg,FooBar
804e941a-d2db-11eb-92c6-8c85909d90f2.jpg,FooBar
804c7a86-d2db-11eb-92c6-8c85909d90f2.jpg,NoWires
804a49b4-d2db-11eb-92c6-8c85909d90f2.jpg,NoWires
803f00d6-d2db-11eb-92c6-8c85909d90f2.jpg,NoWires
803c81c6-d2db-11eb-92c6-8c85909d90f2.jpg,Glue
803a4884-d2db-11eb-92c6-8c85909d90f2.jpg,Glue
802f32c8-d2db-11eb-92c6-8c85909d90f2.jpg,Glue
802ce0cc-d2db-11eb-92c6-8c85909d90f2.jpg,NoWires
802ac562-d2db-11eb-92c6-8c85909d90f2.jpg,Glue
801e8eb4-d2db-11eb-92c6-8c85909d90f2.jpg,Glue
801c3c54-d2db-11eb-92c6-8c85909d90f2.jpg,Glue
800e40f4-d2db-11eb-92c6-8c85909d90f2.jpg,Glue
800ba6a0-d2db-11eb-92c6-8c85909d90f2.jpg,Glue
85feb110-d2db-11eb-92c6-8c85909d90f2.jpg,BrokenWires
85fc8552-d2db-11eb-92c6-8c85909d90f2.jpg,BrokenWires
85fa5052-d2db-11eb-92c6-8c85909d90f2.jpg,TwoThirdsWires
85f81440-d2db-11eb-92c6-8c85909d90f2.jpg,BrokenWires
85f5fcdc-d2db-11eb-92c6-8c85909d90f2.jpg,BrokenWires
85f3f72a-d2db-11eb-92c6-8c85909d90f2.jpg,AllWires
85f1e052-d2db-11eb-92c6-8c85909d90f2.jpg,OneThirdsWires
85efc092-d2db-11eb-92c6-8c85909d90f2.jpg,OneThirdsWires
85edb77a-d2db-11eb-92c6-8c85909d90f2.jpg,AllWires
85ebae6c-d2db-11eb-92c6-8c85909d90f2.jpg,AllWires
85e15dea-d2db-11eb-92c6-8c85909d90f2.jpg,BrokenWires
85e9bd8c-d2db-11eb-92c6-8c85909d90f2.jpg,AllWires
85e7ac68-d2db-11eb-92c6-8c85909d90f2.jpg,OneThirdsWires
85e5b084-d2db-11eb-92c6-8c85909d90f2.jpg,BrokenWires
85e3a79e-d2db-11eb-92c6-8c85909d90f2.jpg,BrokenWires
85def2bc-d2db-11eb-92c6-8c85909d90f2.jpg,AllWires
85dcf296-d2db-11eb-92c6-8c85909d90f2.jpg,AllWires
85dace9e-d2db-11eb-92c6-8c85909d90f2.jpg,BrokenWires
85d8b780-d2db-11eb-92c6-8c85909d90f2.jpg,AllWires
85d6aa58-d2db-11eb-92c6-8c85909d90f2.jpg,BrokenWires
85d4adac-d2db-11eb-92c6-8c85909d90f2.jpg,BrokenWires
85d2a70a-d2db-11eb-92c6-8c85909d90f2.jpg,AllWires
85d0abb2-d2db-11eb-92c6-8c85909d90f2.jpg,TwoThirdsWires
85ce8a62-d2db-11eb-92c6-8c85909d90f2.jpg,AllWires
85cc2664-d2db-11eb-92c6-8c85909d90f2.jpg,BrokenWires
85c9f010-d2db-11eb-92c6-8c85909d90f2.jpg,BrokenWires
85c7e8d8-d2db-11eb-92c6-8c85909d90f2.jpg,TwoThirdsWires
85c5e1dc-d2db-11eb-92c6-8c85909d90f2.jpg,AllWires
85c3e558-d2db-11eb-92c6-8c85909d90f2.jpg,AllWires
85c1e4b0-d2db-11eb-92c6-8c85909d90f2.jpg,TwoThirdsWires
85bfdda0-d2db-11eb-92c6-8c85909d90f2.jpg,OneThirdsWires
85bdd758-d2db-11eb-92c6-8c85909d90f2.jpg,BrokenWires
85bbdf48-d2db-11eb-92c6-8c85909d90f2.jpg,BrokenWires
85b37600-d2db-11eb-92c6-8c85909d90f2.jpg,AllWires
85b16676-d2db-11eb-92c6-8c85909d90f2.jpg,BrokenWires
85b793f2-d2db-11eb-92c6-8c85909d90f2.jpg,Glue
85b56fe6-d2db-11eb-92c6-8c85909d90f2.jpg,TwoThirdsWires
85b9ae1c-d2db-11eb-92c6-8c85909d90f2.jpg,TwoThirdsWires
85af5fa2-d2db-11eb-92c6-8c85909d90f2.jpg,TwoThirdsWires
85ad6346-d2db-11eb-92c6-8c85909d90f2.jpg,NoWires
85ab7658-d2db-11eb-92c6-8c85909d90f2.jpg,BrokenWires
85a96106-d2db-11eb-92c6-8c85909d90f2.jpg,TwoThirdsWires
85a74f2e-d2db-11eb-92c6-8c85909d90f2.jpg,BrokenWires
85a54b66-d2db-11eb-92c6-8c85909d90f2.jpg,BrokenWires
85a052a0-d2db-11eb-92c6-8c85909d90f2.jpg,BrokenWires
85a2fc9e-d2db-11eb-92c6-8c85909d90f2.jpg,AllWires
84fe43b6-d2db-11eb-92c6-8c85909d90f2.jpg,NoWires
84fbde82-d2db-11eb-92c6-8c85909d90f2.jpg,NoWires
84f989ac-d2db-11eb-92c6-8c85909d90f2.jpg,NoWires
84f75df8-d2db-11eb-92c6-8c85909d90f2.jpg,NoWires
84f4e9ce-d2db-11eb-92c6-8c85909d90f2.jpg,NoWires
84f02db2-d2db-11eb-92c6-8c85909d90f2.jpg,NoWires
84f2a4d4-d2db-11eb-92c6-8c85909d90f2.jpg,NoWires
84edeee4-d2db-11eb-92c6-8c85909d90f2.jpg,NoWires
84ebab66-d2db-11eb-92c6-8c85909d90f2.jpg,NoWires
84e1413a-d2db-11eb-92c6-8c85909d90f2.jpg,NoWires
84e36d02-d2db-11eb-92c6-8c85909d90f2.jpg,NoWires
84e8f100-d2db-11eb-92c6-8c85909d90f2.jpg,NoWires
84e5bc7e-d2db-11eb-92c6-8c85909d90f2.jpg,NoWires
84df1cde-d2db-11eb-92c6-8c85909d90f2.jpg,NoWires
84dce856-d2db-11eb-92c6-8c85909d90f2.jpg,NoWires
84da97fe-d2db-11eb-92c6-8c85909d90f2.jpg,NoWires
84d70580-d2db-11eb-92c6-8c85909d90f2.jpg,NoWires
84d2968a-d2db-11eb-92c6-8c85909d90f2.jpg,NoWires
84d061c6-d2db-11eb-92c6-8c85909d90f2.jpg,NoWires
84d4edb8-d2db-11eb-92c6-8c85909d90f2.jpg,NoWires
84ce3f18-d2db-11eb-92c6-8c85909d90f2.jpg,NoWires
84cc0f68-d2db-11eb-92c6-8c85909d90f2.jpg,NoWires
84c1286e-d2db-11eb-92c6-8c85909d90f2.jpg,NoWires
84c581d4-d2db-11eb-92c6-8c85909d90f2.jpg,NoWires
84c34b58-d2db-11eb-92c6-8c85909d90f2.jpg,NoWires
84c9d55e-d2db-11eb-92c6-8c85909d90f2.jpg,NoWires
84c7aa18-d2db-11eb-92c6-8c85909d90f2.jpg,NoWires
84befe68-d2db-11eb-92c6-8c85909d90f2.jpg,NoWires
84bcd87c-d2db-11eb-92c6-8c85909d90f2.jpg,NoWires
84baddc4-d2db-11eb-92c6-8c85909d90f2.jpg,NoWires
84b18760-d2db-11eb-92c6-8c85909d90f2.jpg,NoWires
84b43e24-d2db-11eb-92c6-8c85909d90f2.jpg,NoWires
84b8c75a-d2db-11eb-92c6-8c85909d90f2.jpg,NoWires
84b6b460-d2db-11eb-92c6-8c85909d90f2.jpg,Glue
84af7740-d2db-11eb-92c6-8c85909d90f2.jpg,NoWires
84acfe0c-d2db-11eb-92c6-8c85909d90f2.jpg,NoWires
84aaa6ac-d2db-11eb-92c6-8c85909d90f2.jpg,NoWires
84a81158-d2db-11eb-92c6-8c85909d90f2.jpg,NoWires
84a1889c-d2db-11eb-92c6-8c85909d90f2.jpg,NoWires
84a39c0e-d2db-11eb-92c6-8c85909d90f2.jpg,NoWires
84a5d1a4-d2db-11eb-92c6-8c85909d90f2.jpg,NoWires
83ff8a10-d2db-11eb-92c6-8c85909d90f2.jpg,NoWires
83fd644c-d2db-11eb-92c6-8c85909d90f2.jpg,NoWires
83fb522e-d2db-11eb-92c6-8c85909d90f2.jpg,NoWires
83f04686-d2db-11eb-92c6-8c85909d90f2.jpg,NoWires
83f91b4e-d2db-11eb-92c6-8c85909d90f2.jpg,NoWires
83f6fe36-d2db-11eb-92c6-8c85909d90f2.jpg,NoWires
83f4dc64-d2db-11eb-92c6-8c85909d90f2.jpg,NoWires
83f2ae80-d2db-11eb-92c6-8c85909d90f2.jpg,NoWires
83ecc6f0-d2db-11eb-92c6-8c85909d90f2.jpg,NoWires
83ea9740-d2db-11eb-92c6-8c85909d90f2.jpg,NoWires
83e8814e-d2db-11eb-92c6-8c85909d90f2.jpg,NoWires
83e1822c-d2db-11eb-92c6-8c85909d90f2.jpg,NoWires
83e61e2c-d2db-11eb-92c6-8c85909d90f2.jpg,NoWires
83e3acb4-d2db-11eb-92c6-8c85909d90f2.jpg,NoWires
83df4d0e-d2db-11eb-92c6-8c85909d90f2.jpg,NoWires
83dd0940-d2db-11eb-92c6-8c85909d90f2.jpg,NoWires
83da79e6-d2db-11eb-92c6-8c85909d90f2.jpg,NoWires
83d54174-d2db-11eb-92c6-8c85909d90f2.jpg,NoWires
83d29816-d2db-11eb-92c6-8c85909d90f2.jpg,FooBar
83d7d7ae-d2db-11eb-92c6-8c85909d90f2.jpg,NoWires
83d00cd6-d2db-11eb-92c6-8c85909d90f2.jpg,NoWires
83cbcb3a-d2db-11eb-92c6-8c85909d90f2.jpg,Glue
83c90e7c-d2db-11eb-92c6-8c85909d90f2.jpg,NoWires
83c055ca-d2db-11eb-92c6-8c85909d90f2.jpg,NoWires
83c47fba-d2db-11eb-92c6-8c85909d90f2.jpg,NoWires
83bbb330-d2db-11eb-92c6-8c85909d90f2.jpg,NoWires
83b1109c-d2db-11eb-92c6-8c85909d90f2.jpg,NoWires
83b35e56-d2db-11eb-92c6-8c85909d90f2.jpg,NoWires
83b6be02-d2db-11eb-92c6-8c85909d90f2.jpg,Glue
83ae9fc4-d2db-11eb-92c6-8c85909d90f2.jpg,NoWires
83ac60e2-d2db-11eb-92c6-8c85909d90f2.jpg,NoWires
83aa4cb2-d2db-11eb-92c6-8c85909d90f2.jpg,NoWires
83a82040-d2db-11eb-92c6-8c85909d90f2.jpg,NoWires
83a19b30-d2db-11eb-92c6-8c85909d90f2.jpg,Glue
83a5ded4-d2db-11eb-92c6-8c85909d90f2.jpg,NoWires
83a3c90a-d2db-11eb-92c6-8c85909d90f2.jpg,NoWires
82fea36c-d2db-11eb-92c6-8c85909d90f2.jpg,AllWires
82fc959a-d2db-11eb-92c6-8c85909d90f2.jpg,NoWires
82fa8ea8-d2db-11eb-92c6-8c85909d90f2.jpg,NoWires
82f07404-d2db-11eb-92c6-8c85909d90f2.jpg,AllWires
82f4953e-d2db-11eb-92c6-8c85909d90f2.jpg,NoWires
82f280f0-d2db-11eb-92c6-8c85909d90f2.jpg,NoWires
82f88d4c-d2db-11eb-92c6-8c85909d90f2.jpg,NoWires
82f68d30-d2db-11eb-92c6-8c85909d90f2.jpg,NoWires
82ee7302-d2db-11eb-92c6-8c85909d90f2.jpg,Glue
82ec4190-d2db-11eb-92c6-8c85909d90f2.jpg,NoWires
82ea1c26-d2db-11eb-92c6-8c85909d90f2.jpg,NoWires
82e1759e-d2db-11eb-92c6-8c85909d90f2.jpg,NoWires
82e39acc-d2db-11eb-92c6-8c85909d90f2.jpg,NoWires
82e7fb94-d2db-11eb-92c6-8c85909d90f2.jpg,NoWires
82e5b960-d2db-11eb-92c6-8c85909d90f2.jpg,NoWires
82df625e-d2db-11eb-92c6-8c85909d90f2.jpg,NoWires
82dd32c2-d2db-11eb-92c6-8c85909d90f2.jpg,NoWires
82db14f6-d2db-11eb-92c6-8c85909d90f2.jpg,NoWires
82d4112e-d2db-11eb-92c6-8c85909d90f2.jpg,NoWires
82d1482c-d2db-11eb-92c6-8c85909d90f2.jpg,NoWires
82d8f194-d2db-11eb-92c6-8c85909d90f2.jpg,NoWires
82d6a894-d2db-11eb-92c6-8c85909d90f2.jpg,Glue
82cf26d2-d2db-11eb-92c6-8c85909d90f2.jpg,NoWires
82cd19c8-d2db-11eb-92c6-8c85909d90f2.jpg,NoWires
82cb165a-d2db-11eb-92c6-8c85909d90f2.jpg,NoWires
82c12082-d2db-11eb-92c6-8c85909d90f2.jpg,NoWires
82c7182a-d2db-11eb-92c6-8c85909d90f2.jpg,NoWires
82c906d0-d2db-11eb-92c6-8c85909d90f2.jpg,NoWires
82c311ee-d2db-11eb-92c6-8c85909d90f2.jpg,TwoThirdsWires
82c50fda-d2db-11eb-92c6-8c85909d90f2.jpg,TwoThirdsWires
82bf156c-d2db-11eb-92c6-8c85909d90f2.jpg,BrokenWires
82bcc2c6-d2db-11eb-92c6-8c85909d90f2.jpg,BrokenWires
82bac2f0-d2db-11eb-92c6-8c85909d90f2.jpg,BrokenWires
82b09c26-d2db-11eb-92c6-8c85909d90f2.jpg,OneThirdsWires
82b8c0a4-d2db-11eb-92c6-8c85909d90f2.jpg,BrokenWires
82b6b598-d2db-11eb-92c6-8c85909d90f2.jpg,BrokenWires
82b4b464-d2db-11eb-92c6-8c85909d90f2.jpg,NoWires
82b2bc9a-d2db-11eb-92c6-8c85909d90f2.jpg,NoWires
82ae84f4-d2db-11eb-92c6-8c85909d90f2.jpg,NoWires
82ac8636-d2db-11eb-92c6-8c85909d90f2.jpg,NoWires
82aa61d0-d2db-11eb-92c6-8c85909d90f2.jpg,NoWires
82a85836-d2db-11eb-92c6-8c85909d90f2.jpg,NoWires
82a43738-d2db-11eb-92c6-8c85909d90f2.jpg,NoWires
82a2196c-d2db-11eb-92c6-8c85909d90f2.jpg,NoWires
82a01180-d2db-11eb-92c6-8c85909d90f2.jpg,NoWires
82a643de-d2db-11eb-92c6-8c85909d90f2.jpg,BrokenWires
81ffe9f8-d2db-11eb-92c6-8c85909d90f2.jpg,NoWires
81fdbe26-d2db-11eb-92c6-8c85909d90f2.jpg,NoWires
81fbc738-d2db-11eb-92c6-8c85909d90f2.jpg,NoWires
81f5926e-d2db-11eb-92c6-8c85909d90f2.jpg,NoWires
81f794ec-d2db-11eb-92c6-8c85909d90f2.jpg,NoWires
81f37b46-d2db-11eb-92c6-8c85909d90f2.jpg,NoWires
81f17c2e-d2db-11eb-92c6-8c85909d90f2.jpg,NoWires
81f9b31c-d2db-11eb-92c6-8c85909d90f2.jpg,Glue
81ef67ea-d2db-11eb-92c6-8c85909d90f2.jpg,NoWires
81ed2a52-d2db-11eb-92c6-8c85909d90f2.jpg,NoWires
81ead70c-d2db-11eb-92c6-8c85909d90f2.jpg,NoWires
81e83326-d2db-11eb-92c6-8c85909d90f2.jpg,NoWires
81e5e652-d2db-11eb-92c6-8c85909d90f2.jpg,Glue
81e3ced0-d2db-11eb-92c6-8c85909d90f2.jpg,NoWires
81e1c3ce-d2db-11eb-92c6-8c85909d90f2.jpg,NoWires
81dfb052-d2db-11eb-92c6-8c85909d90f2.jpg,NoWires
81dd9a42-d2db-11eb-92c6-8c85909d90f2.jpg,NoWires
81db8d56-d2db-11eb-92c6-8c85909d90f2.jpg,NoWires
81d32936-d2db-11eb-92c6-8c85909d90f2.jpg,NoWires
81d9723c-d2db-11eb-92c6-8c85909d90f2.jpg,NoWires
81d5409a-d2db-11eb-92c6-8c85909d90f2.jpg,NoWires
81d762da-d2db-11eb-92c6-8c85909d90f2.jpg,NoWires
81d12e88-d2db-11eb-92c6-8c85909d90f2.jpg,NoWires
81cf0342-d2db-11eb-92c6-8c85909d90f2.jpg,NoWires
81ccecec-d2db-11eb-92c6-8c85909d90f2.jpg,NoWires
81caeb54-d2db-11eb-92c6-8c85909d90f2.jpg,NoWires
81c8ed68-d2db-11eb-92c6-8c85909d90f2.jpg,NoWires
81c6df3c-d2db-11eb-92c6-8c85909d90f2.jpg,NoWires
81c4e420-d2db-11eb-92c6-8c85909d90f2.jpg,NoWires
81c2eca6-d2db-11eb-92c6-8c85909d90f2.jpg,NoWires
81c0ebd6-d2db-11eb-92c6-8c85909d90f2.jpg,NoWires
81bee14c-d2db-11eb-92c6-8c85909d90f2.jpg,NoWires
81bcdeba-d2db-11eb-92c6-8c85909d90f2.jpg,NoWires
81bac2d8-d2db-11eb-92c6-8c85909d90f2.jpg,NoWires
81b060fe-d2db-11eb-92c6-8c85909d90f2.jpg,NoWires
81b28b18-d2db-11eb-92c6-8c85909d90f2.jpg,NoWires
81b8bfce-d2db-11eb-92c6-8c85909d90f2.jpg,NoWires
81b6a374-d2db-11eb-92c6-8c85909d90f2.jpg,NoWires
81b4a33a-d2db-11eb-92c6-8c85909d90f2.jpg,Glue
81ae62b8-d2db-11eb-92c6-8c85909d90f2.jpg,NoWires
81ac32c2-d2db-11eb-92c6-8c85909d90f2.jpg,NoWires
81aa08ee-d2db-11eb-92c6-8c85909d90f2.jpg,NoWires
81a38b68-d2db-11eb-92c6-8c85909d90f2.jpg,NoWires
81a7e67c-d2db-11eb-92c6-8c85909d90f2.jpg,NoWires
81a5c888-d2db-11eb-92c6-8c85909d90f2.jpg,NoWires
81a0dc9c-d2db-11eb-92c6-8c85909d90f2.jpg,NoWires
80fea738-d2db-11eb-92c6-8c85909d90f2.jpg,FooBar
80fc7c4c-d2db-11eb-92c6-8c85909d90f2.jpg,FooBar
80fa5c6e-d2db-11eb-92c6-8c85909d90f2.jpg,FooBar
80f65330-d2db-11eb-92c6-8c85909d90f2.jpg,FooBar
80f132ba-d2db-11eb-92c6-8c85909d90f2.jpg,FooBar
80f84b72-d2db-11eb-92c6-8c85909d90f2.jpg,NoWires
80f3e2d0-d2db-11eb-92c6-8c85909d90f2.jpg,FooBar
80ee8240-d2db-11eb-92c6-8c85909d90f2.jpg,FooBar
80ebe76a-d2db-11eb-92c6-8c85909d90f2.jpg,FooBar
80e67384-d2db-11eb-92c6-8c85909d90f2.jpg,FooBar
80e935b0-d2db-11eb-92c6-8c85909d90f2.jpg,FooBar
80e3b1a8-d2db-11eb-92c6-8c85909d90f2.jpg,FooBar
80e0c1b4-d2db-11eb-92c6-8c85909d90f2.jpg,FooBar
80ddff10-d2db-11eb-92c6-8c85909d90f2.jpg,FooBar
80db1c6e-d2db-11eb-92c6-8c85909d90f2.jpg,FooBar
80d85b50-d2db-11eb-92c6-8c85909d90f2.jpg,FooBar
80d32f5e-d2db-11eb-92c6-8c85909d90f2.jpg,FooBar
80d07e30-d2db-11eb-92c6-8c85909d90f2.jpg,FooBar
80d5bbf2-d2db-11eb-92c6-8c85909d90f2.jpg,FooBar
80ce00ec-d2db-11eb-92c6-8c85909d90f2.jpg,FooBar
80cb8be6-d2db-11eb-92c6-8c85909d90f2.jpg,FooBar
80c334c8-d2db-11eb-92c6-8c85909d90f2.jpg,FooBar
80c8d450-d2db-11eb-92c6-8c85909d90f2.jpg,FooBar
80c06bbc-d2db-11eb-92c6-8c85909d90f2.jpg,Glue
80c5f744-d2db-11eb-92c6-8c85909d90f2.jpg,FooBar
80bdbd9a-d2db-11eb-92c6-8c85909d90f2.jpg,FooBar
80baf4c0-d2db-11eb-92c6-8c85909d90f2.jpg,FooBar
80b834d8-d2db-11eb-92c6-8c85909d90f2.jpg,FooBar
80b275c0-d2db-11eb-92c6-8c85909d90f2.jpg,FooBar
80b56d20-d2db-11eb-92c6-8c85909d90f2.jpg,FooBar
80afa746-d2db-11eb-92c6-8c85909d90f2.jpg,FooBar
80acecf4-d2db-11eb-92c6-8c85909d90f2.jpg,FooBar
80aa7dd4-d2db-11eb-92c6-8c85909d90f2.jpg,Glue
80a79696-d2db-11eb-92c6-8c85909d90f2.jpg,FooBar
80a24222-d2db-11eb-92c6-8c85909d90f2.jpg,FooBar
80a4db9a-d2db-11eb-92c6-8c85909d90f2.jpg,FooBar
7ffce750-d2db-11eb-92c6-8c85909d90f2.jpg,Glue
7ffa1aa2-d2db-11eb-92c6-8c85909d90f2.jpg,Glue
7ff1870c-d2db-11eb-92c6-8c85909d90f2.jpg,Glue
7ff38f8e-d2db-11eb-92c6-8c85909d90f2.jpg,NoWires
7ff7bd84-d2db-11eb-92c6-8c85909d90f2.jpg,Glue
7ff5afe4-d2db-11eb-92c6-8c85909d90f2.jpg,Glue
7fef5090-d2db-11eb-92c6-8c85909d90f2.jpg,NoWires
7fed0bdc-d2db-11eb-92c6-8c85909d90f2.jpg,Glue
7feafd06-d2db-11eb-92c6-8c85909d90f2.jpg,NoWires
7fe46194-d2db-11eb-92c6-8c85909d90f2.jpg,NoWires
7fe69b4e-d2db-11eb-92c6-8c85909d90f2.jpg,NoWires
7fe22e92-d2db-11eb-92c6-8c85909d90f2.jpg,Glue
7fe8da80-d2db-11eb-92c6-8c85909d90f2.jpg,Glue
7fe00de2-d2db-11eb-92c6-8c85909d90f2.jpg,Glue
7fdd91d4-d2db-11eb-92c6-8c85909d90f2.jpg,Glue
7fdb3d94-d2db-11eb-92c6-8c85909d90f2.jpg,Glue
7fd30728-d2db-11eb-92c6-8c85909d90f2.jpg,Glue
7fd59ec0-d2db-11eb-92c6-8c85909d90f2.jpg,Glue
7fd046e6-d2db-11eb-92c6-8c85909d90f2.jpg,FooBar
7fd8d982-d2db-11eb-92c6-8c85909d90f2.jpg,Glue
7fcc1210-d2db-11eb-92c6-8c85909d90f2.jpg,FooBar
7fc23024-d2db-11eb-92c6-8c85909d90f2.jpg,Glue
7fc7590a-d2db-11eb-92c6-8c85909d90f2.jpg,FooBar
7fbeefd6-d2db-11eb-92c6-8c85909d90f2.jpg,Glue
7fbc1e46-d2db-11eb-92c6-8c85909d90f2.jpg,FooBar
7fb39884-d2db-11eb-92c6-8c85909d90f2.jpg,Glue
7fb1662c-d2db-11eb-92c6-8c85909d90f2.jpg,FooBar
7fb9d73a-d2db-11eb-92c6-8c85909d90f2.jpg,Glue
7c8a5832-d2db-11eb-92c6-8c85909d90f2.jpg,NoWires
7c8a5832-d2db-11eb-92c6-8c85909d90f2.jpg,NoWires
7fb7d00c-d2db-11eb-92c6-8c85909d90f2.jpg,OneThirdsWires
7fb5d54a-d2db-11eb-92c6-8c85909d90f2.jpg,Glue
7faf12f0-d2db-11eb-92c6-8c85909d90f2.jpg,Glue
7fac7edc-d2db-11eb-92c6-8c85909d90f2.jpg,Glue
7fa1651a-d2db-11eb-92c6-8c85909d90f2.jpg,OneThirdsWires
7fa9b558-d2db-11eb-92c6-8c85909d90f2.jpg,Glue
7fa6d1ee-d2db-11eb-92c6-8c85909d90f2.jpg,Glue
7fa3edb2-d2db-11eb-92c6-8c85909d90f2.jpg,NoWires
7f971614-d2db-11eb-92c6-8c85909d90f2.jpg,NoWires
7f929648-d2db-11eb-92c6-8c85909d90f2.jpg,NoWires
7f99056e-d2db-11eb-92c6-8c85909d90f2.jpg,NoWires
7f83746a-d2db-11eb-92c6-8c85909d90f2.jpg,NoWires
7f27176a-d2db-11eb-92c6-8c85909d90f2.jpg,NoWires
7f13269c-d2db-11eb-92c6-8c85909d90f2.jpg,OneThirdsWires
7f9072e6-d2db-11eb-92c6-8c85909d90f2.jpg,Glue
7f7912fe-d2db-11eb-92c6-8c85909d90f2.jpg,NoWires
7f7514c4-d2db-11eb-92c6-8c85909d90f2.jpg,NoWires
7f5190f8-d2db-11eb-92c6-8c85909d90f2.jpg,NoWires
7f05169c-d2db-11eb-92c6-8c85909d90f2.jpg,OneThirdsWires
7f4759a8-d2db-11eb-92c6-8c85909d90f2.jpg,NoWires
7f3995ca-d2db-11eb-92c6-8c85909d90f2.jpg,NoWires
7f3055be-d2db-11eb-92c6-8c85909d90f2.jpg,OneThirdsWires
7f2458cc-d2db-11eb-92c6-8c85909d90f2.jpg,OneThirdsWires
7f815e0a-d2db-11eb-92c6-8c85909d90f2.jpg,NoWires
7f770a7c-d2db-11eb-92c6-8c85909d90f2.jpg,NoWires
7f564e54-d2db-11eb-92c6-8c85909d90f2.jpg,NoWires
7f428c48-d2db-11eb-92c6-8c85909d90f2.jpg,OneThirdsWires
7f365df6-d2db-11eb-92c6-8c85909d90f2.jpg,Glue
7f335d0e-d2db-11eb-92c6-8c85909d90f2.jpg,OneThirdsWires
7f156d1c-d2db-11eb-92c6-8c85909d90f2.jpg,OneThirdsWires
7f94b3d8-d2db-11eb-92c6-8c85909d90f2.jpg,
7f89f772-d2db-11eb-92c6-8c85909d90f2.jpg,Glue
7f87ca06-d2db-11eb-92c6-8c85909d90f2.jpg,NoWires
7f85acf8-d2db-11eb-92c6-8c85909d90f2.jpg,NoWires
7f075ae2-d2db-11eb-92c6-8c85909d90f2.jpg,OneThirdsWires
7f7b3980-d2db-11eb-92c6-8c85909d90f2.jpg,NoWires
7f72dbaa-d2db-11eb-92c6-8c85909d90f2.jpg,OneThirdsWires
7f70bc44-d2db-11eb-92c6-8c85909d90f2.jpg,NoWires
7f67ed6c-d2db-11eb-92c6-8c85909d90f2.jpg,Glue
7f65aa8e-d2db-11eb-92c6-8c85909d90f2.jpg,NoWires
7f62f3f2-d2db-11eb-92c6-8c85909d90f2.jpg,NoWires
7f60b65a-d2db-11eb-92c6-8c85909d90f2.jpg,OneThirdsWires
7f58cf80-d2db-11eb-92c6-8c85909d90f2.jpg,OneThirdsWires
7f53d4b2-d2db-11eb-92c6-8c85909d90f2.jpg,NoWires
7f49c3dc-d2db-11eb-92c6-8c85909d90f2.jpg,Glue
7f44cc92-d2db-11eb-92c6-8c85909d90f2.jpg,BrokenWires
7f024e08-d2db-11eb-92c6-8c85909d90f2.jpg,Glue
7f21f1ea-d2db-11eb-92c6-8c85909d90f2.jpg,Glue
7f17a12c-d2db-11eb-92c6-8c85909d90f2.jpg,Glue
7f10be8e-d2db-11eb-92c6-8c85909d90f2.jpg,NoWires
7f9f331c-d2db-11eb-92c6-8c85909d90f2.jpg,Glue
7f9d2306-d2db-11eb-92c6-8c85909d90f2.jpg,Glue
7f09c6ec-d2db-11eb-92c6-8c85909d90f2.jpg,NoWires
7f9b0e36-d2db-11eb-92c6-8c85909d90f2.jpg,Glue
7f8e504c-d2db-11eb-92c6-8c85909d90f2.jpg,NoWires
7f8c37bc-d2db-11eb-92c6-8c85909d90f2.jpg,Glue
7f7f408e-d2db-11eb-92c6-8c85909d90f2.jpg,NoWires
7f7d3b5e-d2db-11eb-92c6-8c85909d90f2.jpg,BrokenWires
7f6e9360-d2db-11eb-92c6-8c85909d90f2.jpg,OneThirdsWires
7f6c5c80-d2db-11eb-92c6-8c85909d90f2.jpg,Glue
7f6a305e-d2db-11eb-92c6-8c85909d90f2.jpg,OneThirdsWires
7f5de772-d2db-11eb-92c6-8c85909d90f2.jpg,NoWires
7f5b6e0c-d2db-11eb-92c6-8c85909d90f2.jpg,OneThirdsWires
7f4f3b00-d2db-11eb-92c6-8c85909d90f2.jpg,OneThirdsWires
7f4c6696-d2db-11eb-92c6-8c85909d90f2.jpg,NoWires
7f3fd728-d2db-11eb-92c6-8c85909d90f2.jpg,OneThirdsWires
7f3ca652-d2db-11eb-92c6-8c85909d90f2.jpg,OneThirdsWires
7f2d6a8e-d2db-11eb-92c6-8c85909d90f2.jpg,OneThirdsWires
7f2a6866-d2db-11eb-92c6-8c85909d90f2.jpg,NoWires
7f1f5520-d2db-11eb-92c6-8c85909d90f2.jpg,NoWires
7f1cbaa4-d2db-11eb-92c6-8c85909d90f2.jpg,Glue
7f1a053e-d2db-11eb-92c6-8c85909d90f2.jpg,NoWires
7f0e6ae4-d2db-11eb-92c6-8c85909d90f2.jpg,OneThirdsWires
7f0c2c20-d2db-11eb-92c6-8c85909d90f2.jpg,NoWires
7eff764c-d2db-11eb-92c6-8c85909d90f2.jpg,NoWires
7efc028c-d2db-11eb-92c6-8c85909d90f2.jpg,NoWires
7ef91680-d2db-11eb-92c6-8c85909d90f2.jpg,OneThirdsWires
7ef6824e-d2db-11eb-92c6-8c85909d90f2.jpg,NoWires
7ef3b3a2-d2db-11eb-92c6-8c85909d90f2.jpg,OneThirdsWires
7ef0a7b6-d2db-11eb-92c6-8c85909d90f2.jpg,NoWires
7eedc6f4-d2db-11eb-92c6-8c85909d90f2.jpg,NoWires
7eeae6e6-d2db-11eb-92c6-8c85909d90f2.jpg,OneThirdsWires
7ee567ca-d2db-11eb-92c6-8c85909d90f2.jpg,NoWires
7ee248b0-d2db-11eb-92c6-8c85909d90f2.jpg,OneThirdsWires
7ee83c98-d2db-11eb-92c6-8c85909d90f2.jpg,Glue
7edf41b0-d2db-11eb-92c6-8c85909d90f2.jpg,OneThirdsWires
7edc5716-d2db-11eb-92c6-8c85909d90f2.jpg,OneThirdsWires
7ed53148-d2db-11eb-92c6-8c85909d90f2.jpg,OneThirdsWires
7ed75fae-d2db-11eb-92c6-8c85909d90f2.jpg,NoWires
7ed9cf64-d2db-11eb-92c6-8c85909d90f2.jpg,OneThirdsWires
7ed2daba-d2db-11eb-92c6-8c85909d90f2.jpg,OneThirdsWires
7ecfafb6-d2db-11eb-92c6-8c85909d90f2.jpg,BrokenWires
7ecd48f2-d2db-11eb-92c6-8c85909d90f2.jpg,NoWires
7ecad37e-d2db-11eb-92c6-8c85909d90f2.jpg,NoWires
7ec54102-d2db-11eb-92c6-8c85909d90f2.jpg,NoWires
7ec26842-d2db-11eb-92c6-8c85909d90f2.jpg,OneThirdsWires
7ec79b14-d2db-11eb-92c6-8c85909d90f2.jpg,OneThirdsWires
7ebfb1f6-d2db-11eb-92c6-8c85909d90f2.jpg,NoWires
7ebd104a-d2db-11eb-92c6-8c85909d90f2.jpg,NoWires
7ebadd70-d2db-11eb-92c6-8c85909d90f2.jpg,OneThirdsWires
7eb28346-d2db-11eb-92c6-8c85909d90f2.jpg,FooBar
7eb8ba04-d2db-11eb-92c6-8c85909d90f2.jpg,FooBar
7eb5b728-d2db-11eb-92c6-8c85909d90f2.jpg,FooBar
7eafbc4c-d2db-11eb-92c6-8c85909d90f2.jpg,FooBar
7ead5092-d2db-11eb-92c6-8c85909d90f2.jpg,FooBar
7eaaa0ea-d2db-11eb-92c6-8c85909d90f2.jpg,FooBar
7ea20872-d2db-11eb-92c6-8c85909d90f2.jpg,FooBar
7ea5019e-d2db-11eb-92c6-8c85909d90f2.jpg,FooBar
7ea7d3ce-d2db-11eb-92c6-8c85909d90f2.jpg,FooBar
7e963268-d2db-11eb-92c6-8c85909d90f2.jpg,FooBar
7e761370-d2db-11eb-92c6-8c85909d90f2.jpg,FooBar
7e719962-d2db-11eb-92c6-8c85909d90f2.jpg,AllWires
7e617690-d2db-11eb-92c6-8c85909d90f2.jpg,FooBar
7e528676-d2db-11eb-92c6-8c85909d90f2.jpg,FooBar
7e384662-d2db-11eb-92c6-8c85909d90f2.jpg,FooBar
7e364132-d2db-11eb-92c6-8c85909d90f2.jpg,FooBar
7e321616-d2db-11eb-92c6-8c85909d90f2.jpg,FooBar
7e274628-d2db-11eb-92c6-8c85909d90f2.jpg,FooBar
7e142444-d2db-11eb-92c6-8c85909d90f2.jpg,FooBar
7e090348-d2db-11eb-92c6-8c85909d90f2.jpg,FooBar
7e80796e-d2db-11eb-92c6-8c85909d90f2.jpg,AllWires
7e57427e-d2db-11eb-92c6-8c85909d90f2.jpg,BrokenWires
7e50223c-d2db-11eb-92c6-8c85909d90f2.jpg,FooBar
7e48873e-d2db-11eb-92c6-8c85909d90f2.jpg,FooBar
7e9868b2-d2db-11eb-92c6-8c85909d90f2.jpg,FooBar
7e6829d6-d2db-11eb-92c6-8c85909d90f2.jpg,TwoThirdsWires
7e6612f4-d2db-11eb-92c6-8c85909d90f2.jpg,FooBar
7e4627e6-d2db-11eb-92c6-8c85909d90f2.jpg,FooBar
7e3428ac-d2db-11eb-92c6-8c85909d90f2.jpg,FooBar
7e3000ec-d2db-11eb-92c6-8c85909d90f2.jpg,AllWires
7e2510ba-d2db-11eb-92c6-8c85909d90f2.jpg,FooBar
7e1166b4-d2db-11eb-92c6-8c85909d90f2.jpg,AllWires
7e859c78-d2db-11eb-92c6-8c85909d90f2.jpg,FooBar
7e831f66-d2db-11eb-92c6-8c85909d90f2.jpg,FooBar
7e785ba8-d2db-11eb-92c6-8c85909d90f2.jpg,FooBar
7e191b3e-d2db-11eb-92c6-8c85909d90f2.jpg,FooBar
7e93b646-d2db-11eb-92c6-8c85909d90f2.jpg,FooBar
7e91ab26-d2db-11eb-92c6-8c85909d90f2.jpg,AllWires
7e87c390-d2db-11eb-92c6-8c85909d90f2.jpg,FooBar
7e73d362-d2db-11eb-92c6-8c85909d90f2.jpg,FooBar
7e63d142-d2db-11eb-92c6-8c85909d90f2.jpg,FooBar
7e54e916-d2db-11eb-92c6-8c85909d90f2.jpg,FooBar
7e43a458-d2db-11eb-92c6-8c85909d90f2.jpg,FooBar
7e40fc8a-d2db-11eb-92c6-8c85909d90f2.jpg,FooBar
7e29c25e-d2db-11eb-92c6-8c85909d90f2.jpg,FooBar
7e027a6e-d2db-11eb-92c6-8c85909d90f2.jpg,FooBar
7e22de76-d2db-11eb-92c6-8c85909d90f2.jpg,FooBar
7e20a98a-d2db-11eb-92c6-8c85909d90f2.jpg,FooBar
7e16c546-d2db-11eb-92c6-8c85909d90f2.jpg,FooBar
7e9dedd2-d2db-11eb-92c6-8c85909d90f2.jpg,FooBar
7e9accec-d2db-11eb-92c6-8c85909d90f2.jpg,FooBar
7e8f2f4a-d2db-11eb-92c6-8c85909d90f2.jpg,FooBar
7e8cba76-d2db-11eb-92c6-8c85909d90f2.jpg,FooBar
7e8a714e-d2db-11eb-92c6-8c85909d90f2.jpg,FooBar
7e7d7c6e-d2db-11eb-92c6-8c85909d90f2.jpg,FooBar
7e7a8752-d2db-11eb-92c6-8c85909d90f2.jpg,FooBar
7e6efcc0-d2db-11eb-92c6-8c85909d90f2.jpg,FooBar
7e06cd76-d2db-11eb-92c6-8c85909d90f2.jpg,FooBar
7e6c90c0-d2db-11eb-92c6-8c85909d90f2.jpg,FooBar
7e6a5896-d2db-11eb-92c6-8c85909d90f2.jpg,FooBar
7e5ea744-d2db-11eb-92c6-8c85909d90f2.jpg,FooBar
7e5c4684-d2db-11eb-92c6-8c85909d90f2.jpg,BrokenWires
7e005b8a-d2db-11eb-92c6-8c85909d90f2.jpg,FooBar
7e5a0554-d2db-11eb-92c6-8c85909d90f2.jpg,FooBar
7e4d87d4-d2db-11eb-92c6-8c85909d90f2.jpg,TwoThirdsWires
7e4b62a6-d2db-11eb-92c6-8c85909d90f2.jpg,FooBar
7e04a2f8-d2db-11eb-92c6-8c85909d90f2.jpg,FooBar
7e3e9832-d2db-11eb-92c6-8c85909d90f2.jpg,TwoThirdsWires
7e3c674c-d2db-11eb-92c6-8c85909d90f2.jpg,FooBar
7e3a59f2-d2db-11eb-92c6-8c85909d90f2.jpg,FooBar
7e2df270-d2db-11eb-92c6-8c85909d90f2.jpg,FooBar
7e2be64c-d2db-11eb-92c6-8c85909d90f2.jpg,FooBar
7e1e5a5e-d2db-11eb-92c6-8c85909d90f2.jpg,FooBar
7e1bcdca-d2db-11eb-92c6-8c85909d90f2.jpg,FooBar
7e0ecb48-d2db-11eb-92c6-8c85909d90f2.jpg,FooBar
7e0bac7e-d2db-11eb-92c6-8c85909d90f2.jpg,FooBar
7dfe4732-d2db-11eb-92c6-8c85909d90f2.jpg,FooBar
7dfc19bc-d2db-11eb-92c6-8c85909d90f2.jpg,FooBar
7df5251c-d2db-11eb-92c6-8c85909d90f2.jpg,FooBar
7df77d76-d2db-11eb-92c6-8c85909d90f2.jpg,FooBar
7df09e5c-d2db-11eb-92c6-8c85909d90f2.jpg,Glue
7df9d95e-d2db-11eb-92c6-8c85909d90f2.jpg,FooBar
7df2ddde-d2db-11eb-92c6-8c85909d90f2.jpg,FooBar
7dee78d4-d2db-11eb-92c6-8c85909d90f2.jpg,FooBar
7dec6256-d2db-11eb-92c6-8c85909d90f2.jpg,FooBar
7dea3364-d2db-11eb-92c6-8c85909d90f2.jpg,Glue
7de189e4-d2db-11eb-92c6-8c85909d90f2.jpg,NoWires
7de7fbd0-d2db-11eb-92c6-8c85909d90f2.jpg,FooBar
7de5d404-d2db-11eb-92c6-8c85909d90f2.jpg,FooBar
7de3ad82-d2db-11eb-92c6-8c85909d90f2.jpg,FooBar
7ddf532c-d2db-11eb-92c6-8c85909d90f2.jpg,FooBar
7ddd389e-d2db-11eb-92c6-8c85909d90f2.jpg,FooBar
7ddb17b2-d2db-11eb-92c6-8c85909d90f2.jpg,FooBar
7dd08022-d2db-11eb-92c6-8c85909d90f2.jpg,FooBar
7dd8fd56-d2db-11eb-92c6-8c85909d90f2.jpg,FooBar
7dd6d918-d2db-11eb-92c6-8c85909d90f2.jpg,FooBar
7dd4c812-d2db-11eb-92c6-8c85909d90f2.jpg,FooBar
7dd2bf18-d2db-11eb-92c6-8c85909d90f2.jpg,FooBar
7dce761a-d2db-11eb-92c6-8c85909d90f2.jpg,FooBar
7dcc6d34-d2db-11eb-92c6-8c85909d90f2.jpg,FooBar
7dca5ca6-d2db-11eb-92c6-8c85909d90f2.jpg,FooBar
7dc21726-d2db-11eb-92c6-8c85909d90f2.jpg,Glue
7dc83bec-d2db-11eb-92c6-8c85909d90f2.jpg,FooBar
7dc62a32-d2db-11eb-92c6-8c85909d90f2.jpg,FooBar
7dc41f80-d2db-11eb-92c6-8c85909d90f2.jpg,FooBar
7dbfbbb6-d2db-11eb-92c6-8c85909d90f2.jpg,FooBar
7dbd441c-d2db-11eb-92c6-8c85909d90f2.jpg,FooBar
7dbb2f4c-d2db-11eb-92c6-8c85909d90f2.jpg,FooBar
7db28978-d2db-11eb-92c6-8c85909d90f2.jpg,NoWires
7db06562-d2db-11eb-92c6-8c85909d90f2.jpg,FooBar
7db914be-d2db-11eb-92c6-8c85909d90f2.jpg,FooBar
7db48cbe-d2db-11eb-92c6-8c85909d90f2.jpg,NoWires
7db6bb4c-d2db-11eb-92c6-8c85909d90f2.jpg,FooBar
7dae2a36-d2db-11eb-92c6-8c85909d90f2.jpg,FooBar
7dabfc2a-d2db-11eb-92c6-8c85909d90f2.jpg,FooBar
7da54268-d2db-11eb-92c6-8c85909d90f2.jpg,Glue
7da7835c-d2db-11eb-92c6-8c85909d90f2.jpg,FooBar
7da30b60-d2db-11eb-92c6-8c85909d90f2.jpg,Glue
7da9e67e-d2db-11eb-92c6-8c85909d90f2.jpg,NoWires
7da0f910-d2db-11eb-92c6-8c85909d90f2.jpg,FooBar
7d837188-d2db-11eb-92c6-8c85909d90f2.jpg,FooBar
7d626786-d2db-11eb-92c6-8c85909d90f2.jpg,FooBar
7d605360-d2db-11eb-92c6-8c85909d90f2.jpg,FooBar
7d363576-d2db-11eb-92c6-8c85909d90f2.jpg,NoWires
7d98648a-d2db-11eb-92c6-8c85909d90f2.jpg,FooBar
7d51103a-d2db-11eb-92c6-8c85909d90f2.jpg,Glue
7d042806-d2db-11eb-92c6-8c85909d90f2.jpg,NoWires
7d32041a-d2db-11eb-92c6-8c85909d90f2.jpg,NoWires
7d22759a-d2db-11eb-92c6-8c85909d90f2.jpg,NoWires
7d9659b0-d2db-11eb-92c6-8c85909d90f2.jpg,Glue
7d9439c8-d2db-11eb-92c6-8c85909d90f2.jpg,FooBar
7d9222be-d2db-11eb-92c6-8c85909d90f2.jpg,FooBar
7d8591b6-d2db-11eb-92c6-8c85909d90f2.jpg,FooBar
7d8131ca-d2db-11eb-92c6-8c85909d90f2.jpg,FooBar
7d7823be-d2db-11eb-92c6-8c85909d90f2.jpg,FooBar
7d6486b0-d2db-11eb-92c6-8c85909d90f2.jpg,FooBar
7d5655e0-d2db-11eb-92c6-8c85909d90f2.jpg,FooBar
7d4475aa-d2db-11eb-92c6-8c85909d90f2.jpg,FooBar
7d2067f0-d2db-11eb-92c6-8c85909d90f2.jpg,NoWires
7d1533d0-d2db-11eb-92c6-8c85909d90f2.jpg,NoWires
7d900cae-d2db-11eb-92c6-8c85909d90f2.jpg,FooBar
7d714cb0-d2db-11eb-92c6-8c85909d90f2.jpg,FooBar
7d384a0a-d2db-11eb-92c6-8c85909d90f2.jpg,NoWires
7d342fa6-d2db-11eb-92c6-8c85909d90f2.jpg,OneThirdsWires
7d296bac-d2db-11eb-92c6-8c85909d90f2.jpg,NoWires
7d272c2a-d2db-11eb-92c6-8c85909d90f2.jpg,NoWires
7d247b42-d2db-11eb-92c6-8c85909d90f2.jpg,OneThirdsWires
7d174dc8-d2db-11eb-92c6-8c85909d90f2.jpg,NoWires
7d89e036-d2db-11eb-92c6-8c85909d90f2.jpg,FooBar
7d87b0a4-d2db-11eb-92c6-8c85909d90f2.jpg,FooBar
7d082eb0-d2db-11eb-92c6-8c85909d90f2.jpg,NoWires
7d75fdfa-d2db-11eb-92c6-8c85909d90f2.jpg,FooBar
7d73ab0e-d2db-11eb-92c6-8c85909d90f2.jpg,FooBar
7d68ba28-d2db-11eb-92c6-8c85909d90f2.jpg,FooBar
7d66a440-d2db-11eb-92c6-8c85909d90f2.jpg,FooBar
7d062b74-d2db-11eb-92c6-8c85909d90f2.jpg,NoWires
7d58dd6a-d2db-11eb-92c6-8c85909d90f2.jpg,FooBar
7d53f886-d2db-11eb-92c6-8c85909d90f2.jpg,FooBar
7d49f82c-d2db-11eb-92c6-8c85909d90f2.jpg,FooBar
7d46d980-d2db-11eb-92c6-8c85909d90f2.jpg,FooBar
7d41f42e-d2db-11eb-92c6-8c85909d90f2.jpg,FooBar
7d021a48-d2db-11eb-92c6-8c85909d90f2.jpg,NoWires
7d19df98-d2db-11eb-92c6-8c85909d90f2.jpg,NoWires
7d12f296-d2db-11eb-92c6-8c85909d90f2.jpg,NoWires
7d10c390-d2db-11eb-92c6-8c85909d90f2.jpg,NoWires
7d9eed96-d2db-11eb-92c6-8c85909d90f2.jpg,FooBar
7d9caac2-d2db-11eb-92c6-8c85909d90f2.jpg,FooBar
7d9a867a-d2db-11eb-92c6-8c85909d90f2.jpg,FooBar
7d8e03aa-d2db-11eb-92c6-8c85909d90f2.jpg,FooBar
7d8c0172-d2db-11eb-92c6-8c85909d90f2.jpg,FooBar
7d7ee91a-d2db-11eb-92c6-8c85909d90f2.jpg,FooBar
7d7c5f6a-d2db-11eb-92c6-8c85909d90f2.jpg,FooBar
7d7a34f6-d2db-11eb-92c6-8c85909d90f2.jpg,FooBar
7d6f0c3e-d2db-11eb-92c6-8c85909d90f2.jpg,FooBar
7d6ce184-d2db-11eb-92c6-8c85909d90f2.jpg,FooBar
7d6ac64c-d2db-11eb-92c6-8c85909d90f2.jpg,FooBar
7d5ddc98-d2db-11eb-92c6-8c85909d90f2.jpg,FooBar
7d5b62ec-d2db-11eb-92c6-8c85909d90f2.jpg,Glue
7d4eb8c6-d2db-11eb-92c6-8c85909d90f2.jpg,FooBar
7d4c6ec2-d2db-11eb-92c6-8c85909d90f2.jpg,FooBar
7d3f5fd4-d2db-11eb-92c6-8c85909d90f2.jpg,NoWires
7d3cd214-d2db-11eb-92c6-8c85909d90f2.jpg,NoWires
7d3a71d6-d2db-11eb-92c6-8c85909d90f2.jpg,NoWires
7d2fe98c-d2db-11eb-92c6-8c85909d90f2.jpg,NoWires
7d2db93c-d2db-11eb-92c6-8c85909d90f2.jpg,NoWires
7d2b93aa-d2db-11eb-92c6-8c85909d90f2.jpg,NoWires
7d001ff4-d2db-11eb-92c6-8c85909d90f2.jpg,NoWires
7d1e2d78-d2db-11eb-92c6-8c85909d90f2.jpg,NoWires
7d1c1812-d2db-11eb-92c6-8c85909d90f2.jpg,NoWires
7d0e89b8-d2db-11eb-92c6-8c85909d90f2.jpg,NoWires
7d0c3c08-d2db-11eb-92c6-8c85909d90f2.jpg,NoWires
7d0a2c74-d2db-11eb-92c6-8c85909d90f2.jpg,NoWires
7cfe2258-d2db-11eb-92c6-8c85909d90f2.jpg,OneThirdsWires
7cfc211a-d2db-11eb-92c6-8c85909d90f2.jpg,NoWires
7cfa22ac-d2db-11eb-92c6-8c85909d90f2.jpg,NoWires
7cf815ca-d2db-11eb-92c6-8c85909d90f2.jpg,NoWires
7cf413ee-d2db-11eb-92c6-8c85909d90f2.jpg,NoWires
7cf61cf2-d2db-11eb-92c6-8c85909d90f2.jpg,NoWires
7cf1f730-d2db-11eb-92c6-8c85909d90f2.jpg,Glue
7cef9f30-d2db-11eb-92c6-8c85909d90f2.jpg,OneThirdsWires
7ced84f2-d2db-11eb-92c6-8c85909d90f2.jpg,NoWires
7ceb7306-d2db-11eb-92c6-8c85909d90f2.jpg,OneThirdsWires
7ce48172-d2db-11eb-92c6-8c85909d90f2.jpg,NoWires
7ce919bc-d2db-11eb-92c6-8c85909d90f2.jpg,NoWires
7ce6ab1e-d2db-11eb-92c6-8c85909d90f2.jpg,NoWires
7ce1dd78-d2db-11eb-92c6-8c85909d90f2.jpg,NoWires
7cde7ffc-d2db-11eb-92c6-8c85909d90f2.jpg,NoWires
7cdbea26-d2db-11eb-92c6-8c85909d90f2.jpg,NoWires
7cd182f2-d2db-11eb-92c6-8c85909d90f2.jpg,NoWires
7cd78dd2-d2db-11eb-92c6-8c85909d90f2.jpg,NoWires
7cd58d02-d2db-11eb-92c6-8c85909d90f2.jpg,NoWires
7cd38a84-d2db-11eb-92c6-8c85909d90f2.jpg,Glue
7cd9b49a-d2db-11eb-92c6-8c85909d90f2.jpg,NoWires
7ccf6a26-d2db-11eb-92c6-8c85909d90f2.jpg,NoWires
7ccd4d04-d2db-11eb-92c6-8c85909d90f2.jpg,NoWires
7ccb4db0-d2db-11eb-92c6-8c85909d90f2.jpg,NoWires
7cc26736-d2db-11eb-92c6-8c85909d90f2.jpg,NoWires
7cc0269c-d2db-11eb-92c6-8c85909d90f2.jpg,NoWires
7cc93dd6-d2db-11eb-92c6-8c85909d90f2.jpg,Glue
7cc6f4b8-d2db-11eb-92c6-8c85909d90f2.jpg,NoWires
7cc4bba8-d2db-11eb-92c6-8c85909d90f2.jpg,NoWires
7cbdb10a-d2db-11eb-92c6-8c85909d90f2.jpg,NoWires
7cbb4aaa-d2db-11eb-92c6-8c85909d90f2.jpg,NoWires
7cb103f6-d2db-11eb-92c6-8c85909d90f2.jpg,NoWires
7cb62d36-d2db-11eb-92c6-8c85909d90f2.jpg,NoWires
7cb8b7b8-d2db-11eb-92c6-8c85909d90f2.jpg,NoWires
7cb3a110-d2db-11eb-92c6-8c85909d90f2.jpg,NoWires
7cae5138-d2db-11eb-92c6-8c85909d90f2.jpg,NoWires
7cab9be6-d2db-11eb-92c6-8c85909d90f2.jpg,NoWires
7ca31f70-d2db-11eb-92c6-8c85909d90f2.jpg,NoWires
7ca09cb4-d2db-11eb-92c6-8c85909d90f2.jpg,OneThirdsWires
7ca8d0b4-d2db-11eb-92c6-8c85909d90f2.jpg,NoWires
7ca5d5ee-d2db-11eb-92c6-8c85909d90f2.jpg,NoWires
7c980770-d2db-11eb-92c6-8c85909d90f2.jpg,NoWires
7c917978-d2db-11eb-92c6-8c85909d90f2.jpg,NoWires
7c95bf38-d2db-11eb-92c6-8c85909d90f2.jpg,NoWires
7c93a7c0-d2db-11eb-92c6-8c85909d90f2.jpg,NoWires
7c9e5242-d2db-11eb-92c6-8c85909d90f2.jpg,NoWires
7c9c1cd4-d2db-11eb-92c6-8c85909d90f2.jpg,NoWires
7c9a21ae-d2db-11eb-92c6-8c85909d90f2.jpg,NoWires
7c8f342e-d2db-11eb-92c6-8c85909d90f2.jpg,NoWires
7c8cfb3c-d2db-11eb-92c6-8c85909d90f2.jpg,NoWires
7c8a5832-d2db-11eb-92c6-8c85909d90f2.jpg,NoWires
7c8a5832-d2db-11eb-92c6-8c85909d90f2.jpg,NoWires